"fastq_basename","RUNNUMBER"
"Brent_large_6d_13_GTAC_13_SIC_Index2_10_GAGGCGTATC_GCTTCTGT_S14_R1_001.fastq.gz","run_4422"
"Brent_large_6d_25_GTAC_25_SIC_Index2_10_CGTCGCTATC_GCTTCTGT_S26_R1_001.fastq.gz","run_4422"
"Brent_large_6d_20_GTAC_20_SIC_Index2_10_ACAGATAATC_GCTTCTGT_S21_R1_001.fastq.gz","run_4422"
"Brent_large_6e_16_GTAC_16_SIC_Index2_06_CGGTGGCATC_GACCTTGT_S43_R1_001.fastq.gz","run_4422"
"Brent_large_6d_11_GTAC_11_SIC_Index2_10_CCATCATATC_GCTTCTGT_S12_R1_001.fastq.gz","run_4422"
"Brent_large_6d_9_GTAC_9_SIC_Index2_10_CCGATTAATC_GCTTCTGT_S10_R1_001.fastq.gz","run_4422"
"Brent_large_6d_1_GTAC_1_SIC_Index2_10_TGAGGTTATC_GCTTCTGT_S2_R1_001.fastq.gz","run_4422"
"Brent_large_6d_23_GTAC_23_SIC_Index2_10_ACGCGGGATC_GCTTCTGT_S24_R1_001.fastq.gz","run_4422"
"Brent_large_6d_15_GTAC_15_SIC_Index2_10_GGTCCTCATC_GCTTCTGT_S16_R1_001.fastq.gz","run_4422"
"Brent_large_6d_10_GTAC_10_SIC_Index2_10_GGCAGCGATC_GCTTCTGT_S11_R1_001.fastq.gz","run_4422"
"Brent_large_6e_1_GTAC_27_SIC_Index2_06_TGTTTGTATC_GACCTTGT_S28_R1_001.fastq.gz","run_4422"
"Brent_large_6e_8_GTAC_8_SIC_Index2_06_CTTGGAAATC_GACCTTGT_S35_R1_001.fastq.gz","run_4422"
"Brent_large_6e_3_GTAC_3_SIC_Index2_06_ATGACAGATC_GACCTTGT_S30_R1_001.fastq.gz","run_4422"
"Brent_large_6d_26_GTAC_26_SIC_Index2_10_TCAACTGATC_GCTTCTGT_S27_R1_001.fastq.gz","run_4422"
"Brent_large_6e_12_GTAC_31_SIC_Index2_06_TGCCCATATC_GACCTTGT_S39_R1_001.fastq.gz","run_4422"
"Brent_large_6e_19_GTAC_19_SIC_Index2_06_GAGTACGATC_GACCTTGT_S46_R1_001.fastq.gz","run_4422"
"Brent_large_6e_7_GTAC_7_SIC_Index2_06_AGACTGAATC_GACCTTGT_S34_R1_001.fastq.gz","run_4422"
"Brent_large_6d_6_GTAC_6_SIC_Index2_10_TACTCTAATC_GCTTCTGT_S7_R1_001.fastq.gz","run_4422"
"Brent_large_6d_3_GTAC_3_SIC_Index2_10_ATGACAGATC_GCTTCTGT_S4_R1_001.fastq.gz","run_4422"
"Brent_large_6e_4_GTAC_4_SIC_Index2_06_CACCTCCATC_GACCTTGT_S31_R1_001.fastq.gz","run_4422"
"Brent_large_6e_24_GTAC_24_SIC_Index2_06_GGAGTCCATC_GACCTTGT_S51_R1_001.fastq.gz","run_4422"
"Brent_large_6d_22_GTAC_22_SIC_Index2_10_AAATGCAATC_GCTTCTGT_S23_R1_001.fastq.gz","run_4422"
"Brent_large_6e_2_GTAC_28_SIC_Index2_06_TACATGGATC_GACCTTGT_S29_R1_001.fastq.gz","run_4422"
"Brent_large_6e_25_GTAC_25_SIC_Index2_06_CGTCGCTATC_GACCTTGT_S52_R1_001.fastq.gz","run_4422"
"Brent_large_6e_15_GTAC_15_SIC_Index2_06_GGTCCTCATC_GACCTTGT_S42_R1_001.fastq.gz","run_4422"
"Brent_large_6e_18_GTAC_18_SIC_Index2_06_GTATTTGATC_GACCTTGT_S45_R1_001.fastq.gz","run_4422"
"Brent_large_6e_10_GTAC_30_SIC_Index2_06_CTGGTGGATC_GACCTTGT_S37_R1_001.fastq.gz","run_4422"
"Brent_large_6e_13_GTAC_13_SIC_Index2_06_GAGGCGTATC_GACCTTGT_S40_R1_001.fastq.gz","run_4422"
"Brent_large_6d_7_GTAC_7_SIC_Index2_10_AGACTGAATC_GCTTCTGT_S8_R1_001.fastq.gz","run_4422"
"Brent_large_6d_16_GTAC_16_SIC_Index2_10_CGGTGGCATC_GCTTCTGT_S17_R1_001.fastq.gz","run_4422"
"Brent_large_6e_6_GTAC_6_SIC_Index2_06_TACTCTAATC_GACCTTGT_S33_R1_001.fastq.gz","run_4422"
"Brent_large_6d_5_GTAC_5_SIC_Index2_10_ATCGAGCATC_GCTTCTGT_S6_R1_001.fastq.gz","run_4422"
"Brent_large_6d_19_GTAC_19_SIC_Index2_10_GAGTACGATC_GCTTCTGT_S20_R1_001.fastq.gz","run_4422"
"Brent_large_6e_17_GTAC_17_SIC_Index2_06_ACTGTCGATC_GACCTTGT_S44_R1_001.fastq.gz","run_4422"
"Brent_large_6e_9_GTAC_9_SIC_Index2_06_CCGATTAATC_GACCTTGT_S36_R1_001.fastq.gz","run_4422"
"Brent_large_6e_23_GTAC_23_SIC_Index2_06_ACGCGGGATC_GACCTTGT_S50_R1_001.fastq.gz","run_4422"
"Brent_large_6d_21_GTAC_21_SIC_Index2_10_CTCAATGATC_GCTTCTGT_S22_R1_001.fastq.gz","run_4422"
"Brent_large_6d_8_GTAC_8_SIC_Index2_10_CTTGGAAATC_GCTTCTGT_S9_R1_001.fastq.gz","run_4422"
"Brent_large_6d_18_GTAC_18_SIC_Index2_10_GTATTTGATC_GCTTCTGT_S19_R1_001.fastq.gz","run_4422"
"Brent_large_6e_20_GTAC_20_SIC_Index2_06_ACAGATAATC_GACCTTGT_S47_R1_001.fastq.gz","run_4422"
"Brent_large_6e_11_GTAC_11_SIC_Index2_06_CCATCATATC_GACCTTGT_S38_R1_001.fastq.gz","run_4422"
"Brent_large_6e_26_GTAC_26_SIC_Index2_06_TCAACTGATC_GACCTTGT_S53_R1_001.fastq.gz","run_4422"
"Brent_large_6d_12_GTAC_12_SIC_Index2_10_TAACAAGATC_GCTTCTGT_S13_R1_001.fastq.gz","run_4422"
"Brent_large_6d_14_GTAC_14_SIC_Index2_10_TTTAACTATC_GCTTCTGT_S15_R1_001.fastq.gz","run_4422"
"Brent_large_6d_17_GTAC_17_SIC_Index2_10_ACTGTCGATC_GCTTCTGT_S18_R1_001.fastq.gz","run_4422"
"Brent_large_6d_4_GTAC_4_SIC_Index2_10_CACCTCCATC_GCTTCTGT_S5_R1_001.fastq.gz","run_4422"
"Brent_large_6d_24_GTAC_24_SIC_Index2_10_GGAGTCCATC_GCTTCTGT_S25_R1_001.fastq.gz","run_4422"
"Brent_large_6e_5_GTAC_29_SIC_Index2_06_GTTCTCAATC_GACCTTGT_S32_R1_001.fastq.gz","run_4422"
"Brent_large_6d_2_GTAC_2_SIC_Index2_10_GCTTAGAATC_GCTTCTGT_S3_R1_001.fastq.gz","run_4422"
