run_779_s_6_withindex_sequence_ACAGATA.fastq.gz	run_0779
run_779_s_6_withindex_sequence_ATGACAG.fastq.gz	run_0779
run_779_s_6_withindex_sequence_CTCCCGA.fastq.gz	run_0779
run_779_s_6_withindex_sequence_TTTTGTC.fastq.gz	run_0779
run_779_s_5_withindex_sequence_AGATACT.fastq.gz	run_0779
run_779_s_5_withindex_sequence_TACAGAC.fastq.gz	run_0779
run_779_s_5_withindex_sequence_GATGGCC.fastq.gz	run_0779
run_779_s_5_withindex_sequence_TCAAACA.fastq.gz	run_0779
run_779_s_5_withindex_sequence_AGGACCT.fastq.gz	run_0779
run_779_s_5_withindex_sequence_TTTCAGA.fastq.gz	run_0779
run_779_s_6_withindex_sequence_CGCTACA.fastq.gz	run_0779
run_779_s_6_withindex_sequence_AAATGCA.fastq.gz	run_0779
run_779_s_5_withindex_sequence_TGCTGGG.fastq.gz	run_0779
run_779_s_5_withindex_sequence_AATTCAT.fastq.gz	run_0779
run_779_s_6_withindex_sequence_ACTCCAA.fastq.gz	run_0779
run_779_s_6_withindex_sequence_GGTCCTC.fastq.gz	run_0779
run_779_s_5_withindex_sequence_GGCAAGA.fastq.gz	run_0779
run_779_s_5_withindex_sequence_AGGCGAA.fastq.gz	run_0779
run_779_s_6_withindex_sequence_GAGTACG.fastq.gz	run_0779
run_779_s_5_withindex_sequence_CCGGCAG.fastq.gz	run_0779
run_779_s_6_withindex_sequence_TTTAACT.fastq.gz	run_0779
run_779_s_6_withindex_sequence_TACTCTA.fastq.gz	run_0779
run_779_s_5_withindex_sequence_TTTTCGG.fastq.gz	run_0779
run_779_s_5_withindex_sequence_GCAGGGG.fastq.gz	run_0779
run_779_s_6_withindex_sequence_CCGGACC.fastq.gz	run_0779
run_779_s_6_withindex_sequence_TAACAAG.fastq.gz	run_0779
run_779_s_6_withindex_sequence_GTACGGC.fastq.gz	run_0779
run_779_s_5_withindex_sequence_CCAGGCA.fastq.gz	run_0779
run_779_s_6_withindex_sequence_TGAGGTT.fastq.gz	run_0779
run_779_s_6_withindex_sequence_TTGCCCC.fastq.gz	run_0779
run_779_s_6_withindex_sequence_CTCAATG.fastq.gz	run_0779
run_779_s_5_withindex_sequence_ACGTCTG.fastq.gz	run_0779
run_779_s_5_withindex_sequence_GTCGATA.fastq.gz	run_0779
run_779_s_5_withindex_sequence_GTATCCT.fastq.gz	run_0779
run_779_s_6_withindex_sequence_CAATATC.fastq.gz	run_0779
run_779_s_5_withindex_sequence_TCCCAGC.fastq.gz	run_0779
run_779_s_6_withindex_sequence_CGTCGCT.fastq.gz	run_0779
run_779_s_5_withindex_sequence_CAGAGTC.fastq.gz	run_0779
run_779_s_6_withindex_sequence_GCTTAGA.fastq.gz	run_0779
run_779_s_6_withindex_sequence_GAGGCGT.fastq.gz	run_0779
run_779_s_6_withindex_sequence_AAACCTT.fastq.gz	run_0779
run_779_s_5_withindex_sequence_CCTAATC.fastq.gz	run_0779
run_779_s_6_withindex_sequence_ACCATAC.fastq.gz	run_0779
run_779_s_6_withindex_sequence_TGCCCAT.fastq.gz	run_0779
run_779_s_6_withindex_sequence_ATCGAGC.fastq.gz	run_0779
run_779_s_5_withindex_sequence_ACTGGAT.fastq.gz	run_0779
run_779_s_5_withindex_sequence_ACCTGAA.fastq.gz	run_0779
run_779_s_6_withindex_sequence_CACCTCC.fastq.gz	run_0779
Brent_2288_40_GTACGGC_S41_R1_001.fastq.gz	run_2288
Brent_2288_42_ACTCCAA_S43_R1_001.fastq.gz	run_2288
Brent_2288_36_TGGCATA_S37_R1_001.fastq.gz	run_2288
Brent_2288_41_TTGCCCC_S42_R1_001.fastq.gz	run_2288
Brent_2288_30_CTGGTGG_S31_R1_001.fastq.gz	run_2288
Brent_2288_44_AACGGAG_S45_R1_001.fastq.gz	run_2288
Brent_2288_43_TGTGCCA_S44_R1_001.fastq.gz	run_2288
Brent_2288_31_TGCCCAT_S32_R1_001.fastq.gz	run_2288
Brent_2288_38_ACCCACT_S39_R1_001.fastq.gz	run_2288
Brent_2288_27_TGTTTGT_S28_R1_001.fastq.gz	run_2288
Brent_2288_25_CGTCGCT_S26_R1_001.fastq.gz	run_2288
Brent_2288_28_TACATGG_S29_R1_001.fastq.gz	run_2288
Brent_2288_45_GATAGTT_S46_R1_001.fastq.gz	run_2288
Brent_2288_35_CGCTACA_S36_R1_001.fastq.gz	run_2288
Brent_2288_32_AAACCTT_S33_R1_001.fastq.gz	run_2288
Brent_2288_26_TCAACTG_S27_R1_001.fastq.gz	run_2288
Brent_2288_29_GTTCTCA_S30_R1_001.fastq.gz	run_2288
Brent_2288_33_ACCATAC_S34_R1_001.fastq.gz	run_2288
Brent_2288_37_TTTTGTC_S38_R1_001.fastq.gz	run_2288
Brent_2288_34_AATACGC_S35_R1_001.fastq.gz	run_2288
Brent_2288_39_CCGGACC_S40_R1_001.fastq.gz	run_2288
Brent_5a-7_GTAC_7_SIC_Index2_08_AGACTGA_AAGCACGT_S8_R1_001.fastq.gz	run_4144
run_1476_s_3_withindex_sequence_GGCAGCG.fastq.gz	run_1476
run_1476_s_3_withindex_sequence_CCATCAT.fastq.gz	run_1476
run_1476_s_3_withindex_sequence_ACGCGGG.fastq.gz	run_1476
run_1476_s_3_withindex_sequence_GAGTACG.fastq.gz	run_1476
run_1476_s_3_withindex_sequence_TTTAACT.fastq.gz	run_1476
run_1476_s_3_withindex_sequence_CGGTGGC.fastq.gz	run_1476
run_1476_s_3_withindex_sequence_GGTCCTC.fastq.gz	run_1476
run_1476_s_3_withindex_sequence_AAATGCA.fastq.gz	run_1476
run_1476_s_3_withindex_sequence_CTTGGAA.fastq.gz	run_1476
run_1476_s_3_withindex_sequence_ACAGATA.fastq.gz	run_1476
run_1476_s_3_withindex_sequence_GTATTTG.fastq.gz	run_1476
run_1476_s_3_withindex_sequence_GAGGCGT.fastq.gz	run_1476
run_1476_s_3_withindex_sequence_AGACTGA.fastq.gz	run_1476
run_1476_s_3_withindex_sequence_ACTGTCG.fastq.gz	run_1476
run_1476_s_3_withindex_sequence_CTCAATG.fastq.gz	run_1476
run_1476_s_3_withindex_sequence_CCGATTA.fastq.gz	run_1476
run_1476_s_3_withindex_sequence_GGAGTCC.fastq.gz	run_1476
run_1476_s_3_withindex_sequence_TAACAAG.fastq.gz	run_1476
run_1755_s_6_withindex_sequence_ACAGATA.fastq.gz	run_1755
run_1755_s_6_withindex_sequence_AAATGCA.fastq.gz	run_1755
run_1755_s_6_withindex_sequence_TTTAACT.fastq.gz	run_1755
run_1755_s_6_withindex_sequence_GAGTACG.fastq.gz	run_1755
run_1755_s_6_withindex_sequence_ACGCGGG.fastq.gz	run_1755
run_1755_s_6_withindex_sequence_GGTCCTC.fastq.gz	run_1755
run_1755_s_6_withindex_sequence_CGGTGGC.fastq.gz	run_1755
run_1755_s_6_withindex_sequence_CTCAATG.fastq.gz	run_1755
run_1755_s_6_withindex_sequence_GGAGTCC.fastq.gz	run_1755
run_1755_s_6_withindex_sequence_GAGGCGT.fastq.gz	run_1755
run_1755_s_6_withindex_sequence_ACTGTCG.fastq.gz	run_1755
run_1755_s_6_withindex_sequence_GTATTTG.fastq.gz	run_1755
run_748_s_3_withindex_sequence_GGCAGCG.fastq.gz	run_0748
Brent_3275_18-8_GTAC_8_SIC_Index2_010_CTTGGAA_GCTTCTAG_S18_R1_001.fastq.gz	run_3275
Brent_3275_17-5_GTAC_5_NEB_Universal_ATCGAGC_AGATCTCG_S6_R1_001.fastq.gz	run_3275
Brent_3275_20-4_GTAC_4_SIC_Index2_07_CACCTCC_GAGTTGAG_S34_R1_001.fastq.gz	run_3275
Brent_3275_18-5_GTAC_5_SIC_Index2_010_ATCGAGC_GCTTCTAG_S15_R1_001.fastq.gz	run_3275
Brent_3275_18-3_GTAC_3_SIC_Index2_010_ATGACAG_GCTTCTAG_S13_R1_001.fastq.gz	run_3275
Brent_3275_18-9_GTAC_9_SIC_Index2_010_CCGATTA_GCTTCTAG_S19_R1_001.fastq.gz	run_3275
Brent_3275_17-2_GTAC_2_NEB_Universal_GCTTAGA_AGATCTCG_S3_R1_001.fastq.gz	run_3275
2496_Brent_3-2_GTAC3_ATGACAG_S2_R1_001.fastq.gz	run_2496
run_731_s_6_withindex_sequence_CCCCCCG.fastq.gz	run_0731
run_731_s_6_withindex_sequence_TACAGAC.fastq.gz	run_0731
run_731_s_6_withindex_sequence_TGATTAC.fastq.gz	run_0731
3457_Brent_image1c-ZEVWT-ChIP-large-1x75_DMEM-30C-T30_GTAC_5_ATCGAGC_SIC_Index2_06_GACCTTGT_S3_R1_001.fastq.gz	run_3457
3457_Brent_image1c-ZEVWT-ChIP-small-1x75_PBS-T0-b_GTAC_2_GCTTAGA_SIC_Index2_06_GACCTTGT_S18_R1_001.fastq.gz	run_3457
3457_Brent_image1c-ZEVWT-ChIP-large-1x75_PBS-T0-a_GTAC_1_TGAGGTT_SIC_Index2_06_GACCTTGT_S2_R1_001.fastq.gz	run_3457
3457_Brent_image1c-ZEVWT-ChIP-small-1x75_RPMI-30C-T30_GTAC_7_AGACTGA_SIC_Index2_06_GACCTTGT_S22_R1_001.fastq.gz	run_3457
run_673_s_4_withindex_sequence_GTACGGC.fastq.gz	run_0673
run_673_s_4_withindex_sequence_TTGCCCC.fastq.gz	run_0673
run_673_s_4_withindex_sequence_GGTGAAT.fastq.gz	run_0673
run_673_s_4_withindex_sequence_ACCCACT.fastq.gz	run_0673
2002_Brent_Z_TCAACTG_S27_R1_001.fastq.gz	run_2002
2002_Brent_AA_TGTTTGT_S28_R1_001.fastq.gz	run_2002
2002_Brent_Y_CGTCGCT_S26_R1_001.fastq.gz	run_2002
3357-Brent_crypto22-16_GTAC_16_SIC_Index2_07_CGGTGGCATC_Gs_S49_R1_001.fastq.gz	run_3357
3357-Brent_crypto22-15_GTAC_21_SIC_Index_07_CTCAATG_Gs_S54_R1_001.fastq.gz	run_3357
Brent_49_GTAC_49_GTCTGATATC_S50_R1_001.fastq.gz	run_2651
Brent_45_GTAC_45_GATAGTTATC_S46_R1_001.fastq.gz	run_2651
Brent_46_GTAC_46_GGTGAATATC_S47_R1_001.fastq.gz	run_2651
Brent_47_GTAC_47_ATGTTCTATC_S48_R1_001.fastq.gz	run_2651
Brent_48_GTAC_48_GTAAAAAATC_S49_R1_001.fastq.gz	run_2651
Brent_50_GTAC_50_CAATATCATC_S51_R1_001.fastq.gz	run_2651
